"country","G2013","G2015","FOI","iso2c","year","NY.GDP.PCAP.PP.KD","SP.POP.TOTL","IT.NET.USER.ZS","iso3c","region","capital","longitude","latitude","income","lending"
"Afghanistan",67,33,0.492537313432836,"AF",2014,2102.3852337563,33370794,7,"AFG","South Asia","Kabul","69.1761","34.5228","Low income","IDA"
"Albania",76,24,0.315789473684211,"AL",2014,11828.232263813,2889104,60.1,"ALB","Europe & Central Asia","Tirane","19.8172","41.3317","Upper middle income","IBRD"
"Algeria",65,35,0.538461538461538,"DZ",2014,11512.7054052163,38923687,29.5,"DZA","Middle East & North Africa","Algiers","3.05097","36.7397","Upper middle income","IBRD"
"Angola",68,32,0.470588235294118,"AO",2014,8239.82883704208,26941779,21.4,"AGO","Sub-Saharan Africa","Luanda","13.242","-8.81155","Lower middle income","IBRD"
"Argentina",56,44,0.785714285714286,"AR",2014,23550.0990611716,42669500,64.7,"ARG","Latin America & Caribbean","Buenos Aires","-58.4173","-34.6118","High income","IBRD"
"Armenia",85,15,0.176470588235294,"AM",2014,11019.838784895,2912403,54.6228,"ARM","Europe & Central Asia","Yerevan","44.509","40.1596","Upper middle income","IBRD"
"Aruba",58,42,0.724137931034483,"AW",2014,35458.6083425146,103774,83.78,"ABW","Latin America & Caribbean","Oranjestad","-70.0167","12.5167","High income","Not classified"
"Australia",55,45,0.818181818181818,"AU",2014,47668.362013146,23475686,84,"AUS","East Asia & Pacific","Canberra","149.129","-35.282","High income","Not classified"
"Austria",54,46,0.851851851851852,"AT",2014,53175.3499781944,8546356,80.9958,"AUT","Europe & Central Asia","Vienna","16.3798","48.2201","High income","Not classified"
"Azerbaijan",73,27,0.36986301369863,"AZ",2014,14875.7816413327,9535079,75,"AZE","Europe & Central Asia","Baku","49.8932","40.3834","Upper middle income","IBRD"
"Bahrain",66,34,0.515151515151515,"BH",2014,48201.0850183662,1336075,90.5031,"BHR","Middle East & North Africa","Manama","50.5354","26.1921","High income","Not classified"
"Bangladesh",71,29,0.408450704225352,"BD",2014,3511.58228216065,154520167,13.9,"BGD","South Asia","Dhaka","90.4113","23.7055","Lower middle income","IDA"
"Barbados",70,30,0.428571428571429,"BB",2014,15041.5547480584,284825,75.16,"BRB","Latin America & Caribbean","Bridgetown","-59.6105","13.0935","High income","Not classified"
"Belarus",76,24,0.315789473684211,"BY",2014,19066.8868190919,9474511,59.02,"BLR","Europe & Central Asia","Minsk","27.5766","53.9678","Upper middle income","IBRD"
"Belgium",56,44,0.785714285714286,"BE",2014,48921.4371778732,11209057,85,"BEL","Europe & Central Asia","Brussels","4.36761","50.8371","High income","Not classified"
"Belize",71,29,0.408450704225352,"BZ",2014,7209.03758048205,353366,38.7,"BLZ","Latin America & Caribbean","Belmopan","-88.7713","17.2534","Upper middle income","IBRD"
"Benin",59,41,0.694915254237288,"BJ",2014,2975.85391436098,10286842,6,"BEN","Sub-Saharan Africa","Porto-Novo","2.6323","6.4779","Low income","IDA"
"Bermuda",60,40,0.666666666666667,"BM",2014,77361.1048812589,65138,96.8,"BMU","North America","Hamilton","-64.706","32.3293","High income","Not classified"
"Bhutan",68,32,0.470588235294118,"BT",2014,9573.98905975365,719056,30.3,"BTN","South Asia","Thimphu","89.6177","27.5768","Lower middle income","IDA"
"Bolivia",45,55,1.22222222222222,"BO",2014,7730.63840148344,10706517,34.6,"BOL","Latin America & Caribbean","La Paz","-66.1936","-13.9908","Lower middle income","IBRD"
"Botswana",76,24,0.315789473684211,"BW",2014,17264.4371330516,2088614,36.7447,"BWA","Sub-Saharan Africa","Gaborone","25.9201","-24.6544","Upper middle income","IBRD"
"Brazil",57,43,0.754385964912281,"BR",2014,15744.3471113816,202763735,54.551,"BRA","Latin America & Caribbean","Brasilia","-47.9292","-15.7801","Upper middle income","IBRD"
"Bulgaria",71,29,0.408450704225352,"BG",2014,18732.9119782303,7223938,55.49,"BGR","Europe & Central Asia","Sofia","23.3238","42.7105","Upper middle income","IBRD"
"Burkina Faso",50,50,1,"BF",2014,1907.95051451535,17586017,9.4,"BFA","Sub-Saharan Africa","Ouagadougou","-1.53395","12.3605","Low income","IDA"
"Burundi",56,44,0.785714285714286,"BI",2014,886.23577677556,9844297,1.38,"BDI","Sub-Saharan Africa","Bujumbura","29.3639","-3.3784","Low income","IDA"
"Cambodia",68,32,0.470588235294118,"KH",2014,3364.27872943395,15274503,14,"KHM","East Asia & Pacific","Phnom Penh","104.874","11.5556","Lower middle income","IDA"
"Cameroon",60,40,0.666666666666667,"CM",2014,3362.664067483,22681858,16.2149,"CMR","Sub-Saharan Africa","Yaounde","11.5174","3.8721","Lower middle income","Blend"
"Canada",59,41,0.694915254237288,"CA",2014,47813.105920202,35437435,87.12,"CAN","North America","Ottawa","-75.6919","45.4215","High income","Not classified"
"Cayman Islands",61,39,0.639344262295082,"KY",2014,66207.4472299888,60848,74.1,"CYM","Latin America & Caribbean","George Town","-81.3857","19.3022","High income","Not classified"
"Central African Republic",44,56,1.27272727272727,"CF",2014,822.610457816902,4464175,3.6,"CAF","Sub-Saharan Africa","Bangui","21.6407","5.63056","Low income","IDA"
"Chad",52,48,0.923076923076923,"TD",2014,1866.26648837908,13663559,2.9,"TCD","Sub-Saharan Africa","N'Djamena","15.0445","12.1048","Low income","IDA"
"Chile",60,40,0.666666666666667,"CL",2014,23375.1477128334,17758959,61.11,"CHL","Latin America & Caribbean","Santiago","-70.6475","-33.475","High income","IBRD"
"China",92,8,0.0869565217391304,"CN",2014,11917.3384959856,1364270000,47.9,"CHN","East Asia & Pacific","Beijing","116.286","40.0495","Upper middle income","IBRD"
"Colombia",73,27,0.36986301369863,"CO",2014,13991.6272760519,46967706,52.57,"COL","Latin America & Caribbean","Bogota","-74.082","4.60987","Upper middle income","IBRD"
"Comoros",60,40,0.666666666666667,"KM",2014,2996.3793452042,759390,6.98,"COM","Sub-Saharan Africa","Moroni","43.2418","-11.6986","Low income","IDA"
"Costa Rica",60,40,0.666666666666667,"CR",2014,17582.9141040216,4795396,53,"CRI","Latin America & Caribbean","San Jose","-84.0089","9.63701","Upper middle income","IBRD"
"Croatia",72,28,0.388888888888889,"HR",2014,23670.3768241101,4238389,68.57,"HRV","Europe & Central Asia","Zagreb","15.9614","45.8069","High income","IBRD"
"Cyprus",68,32,0.470588235294118,"CY",2014,33064.5801699164,1152285,69.33,"CYP","Europe & Central Asia","Nicosia","33.3736","35.1676","High income","Not classified"
"Denmark",61,39,0.639344262295082,"DK",2014,52198.9843017105,5643475,95.99,"DNK","Europe & Central Asia","Copenhagen","12.5681","55.6763","High income","Not classified"
"Djibouti",71,29,0.408450704225352,"DJ",2014,4238.99623925946,898696,10.71,"DJI","Middle East & North Africa","Djibouti","43.1425","11.5806","Lower middle income","IDA"
"Dominica",74,26,0.351351351351351,"DM",2014,12217.5629901173,71085,57.5,"DMA","Latin America & Caribbean","Roseau","-61.39","15.2976","Upper middle income","Blend"
"Dominican Republic",75,25,0.333333333333333,"DO",2014,14499.6361158376,10165178,49.58,"DOM","Latin America & Caribbean","Santo Domingo","-69.8908","18.479","Upper middle income","IBRD"
"Ecuador",76,24,0.315789473684211,"EC",2014,12078.4698435004,15951838,45.5904,"ECU","Latin America & Caribbean","Quito","-78.5243","-0.229498","Upper middle income","IBRD"
"El Salvador",70,30,0.428571428571429,"SV",2014,7990.44461457603,6295128,24.7617,"SLV","Latin America & Caribbean","San Salvador","-89.2073","13.7034","Lower middle income","IBRD"
"Equatorial Guinea",62,38,0.612903225806452,"GQ",2014,32436.4667929433,1122276,18.86,"GNQ","Sub-Saharan Africa","Malabo","8.7741","3.7523","Upper middle income","IBRD"
"Estonia",70,30,0.428571428571429,"EE",2014,30676.0586525763,1314545,84.2415,"EST","Europe & Central Asia","Tallinn","24.7586","59.4392","High income","Not classified"
"Eswatini",68,32,0.470588235294118,"SZ",2014,8192.53543463127,1095021,26.175,"SWZ","Sub-Saharan Africa","Mbabane","31.4659","-26.5225","Lower middle income","IBRD"
"Ethiopia",58,42,0.724137931034483,"ET",2014,1656.63467476253,98094253,7.7,"ETH","Sub-Saharan Africa","Addis Ababa","38.7468","9.02274","Low income","IDA"
"Fiji",69,31,0.449275362318841,"FJ",2014,12057.9036197327,866453,37.4,"FJI","East Asia & Pacific","Suva","178.399","-18.1149","Upper middle income","IBRD"
"Finland",61,39,0.639344262295082,"FI",2014,44878.1908504914,5461512,86.5304,"FIN","Europe & Central Asia","Helsinki","24.9525","60.1608","High income","Not classified"
"France",54,46,0.851851851851852,"FR",2014,43227.4537557517,66312067,83.75,"FRA","Europe & Central Asia","Paris","2.35097","48.8566","High income","Not classified"
"Gabon",60,40,0.666666666666667,"GA",2014,15437.2732241001,1883800,38.0712,"GAB","Sub-Saharan Africa","Libreville","9.45162","0.38832","Upper middle income","IBRD"
"Georgia",79,21,0.265822784810127,"GE",2014,12254.6456549529,3719414,44,"GEO","Europe & Central Asia","Tbilisi","44.793","41.71","Lower middle income","IBRD"
"Germany",49,51,1.04081632653061,"DE",2014,51059.9920402366,80982500,86.19,"DEU","Europe & Central Asia","Berlin","13.4115","52.5235","High income","Not classified"
"Ghana",72,28,0.388888888888889,"GH",2014,4675.75856612863,27224472,25.5177,"GHA","Sub-Saharan Africa","Accra","-0.20795","5.57045","Lower middle income","IDA"
"Greece",65,35,0.538461538461538,"GR",2014,27989.736237481,10892413,63.21,"GRC","Europe & Central Asia","Athens","23.7166","37.9792","High income","Not classified"
"Grenada",71,29,0.408450704225352,"GD",2014,14317.0627909331,108902,51.6,"GRD","Latin America & Caribbean","Saint George's","-61.7449","12.0653","Upper middle income","Blend"
"Guatemala",69,31,0.449275362318841,"GT",2014,7939.09038738555,15306316,23.4,"GTM","Latin America & Caribbean","Guatemala City","-90.5328","14.6248","Upper middle income","IBRD"
"Guinea",46,54,1.17391304347826,"GN",2014,2061.76097304743,11150977,6.4,"GIN","Sub-Saharan Africa","Conakry","-13.7","9.51667","Low income","IDA"
"Guinea-Bissau",67,33,0.492537313432836,"GW",2014,1740.89056524607,1692439,3.32,"GNB","Sub-Saharan Africa","Bissau","-15.1804","11.8037","Low income","IDA"
"Guyana",78,22,0.282051282051282,"GY",2014,11244.3126692508,763380,32,"GUY","Latin America & Caribbean","Georgetown","-58.1548","6.80461","Upper middle income","IDA"
"Haiti",70,30,0.428571428571429,"HT",2014,2935.21964701189,10549008,11.4,"HTI","Latin America & Caribbean","Port-au-Prince","-72.3288","18.5392","Low income","IDA"
"Honduras",72,28,0.388888888888889,"HN",2014,5177.40941597809,8955589,19.08,"HND","Latin America & Caribbean","Tegucigalpa","-87.4667","15.1333","Lower middle income","IDA"
"Hungary",74,26,0.351351351351351,"HU",2014,26753.824856664,9866468,75.6532,"HUN","Europe & Central Asia","Budapest","19.0408","47.4984","High income","Not classified"
"Iceland",70,30,0.428571428571429,"IS",2014,49911.0698346899,327386,98.16,"ISL","Europe & Central Asia","Reykjavik","-21.8952","64.1353","High income","Not classified"
"India",72,28,0.388888888888889,"IN",2014,5107.20815337077,1295604184,21,"IND","South Asia","New Delhi","77.225","28.6353","Lower middle income","IBRD"
"Indonesia",75,25,0.333333333333333,"ID",2014,9801.13063284651,255129004,17.14,"IDN","East Asia & Pacific","Jakarta","106.83","-6.19752","Lower middle income","IBRD"
"Iraq",57,43,0.754385964912281,"IQ",2014,10400.6447830016,34411951,13.21,"IRQ","Middle East & North Africa","Baghdad","44.394","33.3302","Upper middle income","IBRD"
"Ireland",60,40,0.666666666666667,"IE",2014,57461.0861151052,4657740,83.4917,"IRL","Europe & Central Asia","Dublin","-6.26749","53.3441","High income","Not classified"
"Israel",67,33,0.492537313432836,"IL",2014,37527.1034785123,8215700,75.0178,"ISR","Middle East & North Africa","","35.2035","31.7717","High income","Not classified"
"Italy",56,44,0.785714285714286,"IT",2014,40093.7955279769,60789140,55.6385,"ITA","Europe & Central Asia","Rome","12.4823","41.8955","High income","Not classified"
"Jamaica",80,20,0.25,"JM",2014,9436.05811048314,2875136,40.4027,"JAM","Latin America & Caribbean","Kingston","-76.792","17.9927","Upper middle income","IBRD"
"Japan",53,47,0.886792452830189,"JP",2014,39152.0689775392,127276000,89.1068,"JPN","East Asia & Pacific","Tokyo","139.77","35.67","High income","Not classified"
"Jordan",69,31,0.449275362318841,"JO",2014,10283.2553767283,8920049,46.2,"JOR","Middle East & North Africa","Amman","35.9263","31.9497","Upper middle income","IBRD"
"Kazakhstan",81,19,0.234567901234568,"KZ",2014,24355.7561188887,17288285,66,"KAZ","Europe & Central Asia","Astana","71.4382","51.1879","Upper middle income","IBRD"
"Kenya",82,18,0.219512195121951,"KE",2014,3709.15907577307,46699981,16.5,"KEN","Sub-Saharan Africa","Nairobi","36.8126","-1.27975","Lower middle income","Blend"
"Kiribati",58,42,0.724137931034483,"KI",2014,1993.71091279984,109391,12.25,"KIR","East Asia & Pacific","Tarawa","172.979","1.32905","Lower middle income","IDA"
"Kuwait",63,37,0.587301587301587,"KW",2014,56647.3058985135,3690941,78.7,"KWT","Middle East & North Africa","Kuwait City","47.9824","29.3721","High income","Not classified"
"Latvia",72,28,0.388888888888889,"LV",2014,25399.1689620063,1993782,75.83,"LVA","Europe & Central Asia","Riga","24.1048","56.9465","High income","Not classified"
"Lebanon",59,41,0.694915254237288,"LB",2014,16966.7398792795,6262410,73,"LBN","Middle East & North Africa","Beirut","35.5134","33.8872","Upper middle income","IBRD"
"Lesotho",70,30,0.428571428571429,"LS",2014,2676.9749855703,2043437,22,"LSO","Sub-Saharan Africa","Maseru","27.7167","-29.5208","Lower middle income","IDA"
"Liberia",52,48,0.923076923076923,"LR",2014,1621.34578028168,4359505,5.41,"LBR","Sub-Saharan Africa","Monrovia","-10.7957","6.30039","Low income","IDA"
"Libya",69,31,0.449275362318841,"LY",2014,12201.2085204624,6362037,17.76,"LBY","Middle East & North Africa","Tripoli","13.1072","32.8578","Upper middle income","IBRD"
"Lithuania",72,28,0.388888888888889,"LT",2014,29913.1957465187,2932367,72.13,"LTU","Europe & Central Asia","Vilnius","25.2799","54.6896","High income","Not classified"
"Luxembourg",52,48,0.923076923076923,"LU",2014,108911.349985194,556319,94.67,"LUX","Europe & Central Asia","Luxembourg","6.1296","49.61","High income","Not classified"
"Madagascar",69,31,0.449275362318841,"MG",2014,1540.74547743344,23589887,3.7,"MDG","Sub-Saharan Africa","Antananarivo","45.7167","-20.4667","Low income","IDA"
"Malawi",65,35,0.538461538461538,"MW",2014,1027.20849641169,16289540,5.83,"MWI","Sub-Saharan Africa","Lilongwe","33.7703","-13.9899","Low income","IDA"
"Malaysia",58,42,0.724137931034483,"MY",2014,23906.2662008721,29866559,63.6654,"MYS","East Asia & Pacific","Kuala Lumpur","101.684","3.12433","Upper middle income","IBRD"
"Maldives",78,22,0.282051282051282,"MV",2014,17568.5310418563,435015,49.28,"MDV","South Asia","Male","73.5109","4.1742","Upper middle income","IDA"
"Mali",57,43,0.754385964912281,"ML",2014,2075.39982350307,16934220,7,"MLI","Sub-Saharan Africa","Bamako","-7.50034","13.5667","Low income","IDA"
"Malta",63,37,0.587301587301587,"MT",2014,37523.3983289103,434558,73.17,"MLT","Middle East & North Africa","Valletta","14.5189","35.9042","High income","Not classified"
"Marshall Islands",76,24,0.315789473684211,"MH",2014,3579.63342069611,57179,16.8,"MHL","East Asia & Pacific","Majuro","171.135","7.11046","Upper middle income","IDA"
"Mauritania",70,30,0.428571428571429,"MR",2014,5008.68570717467,3930896,10.7,"MRT","Sub-Saharan Africa","Nouakchott","-15.9824","18.2367","Lower middle income","IDA"
"Mauritius",77,23,0.298701298701299,"MU",2014,19240.2247080161,1260934,44.8033,"MUS","Sub-Saharan Africa","Port Louis","57.4977","-20.1605","Upper middle income","IBRD"
"Mexico",67,33,0.492537313432836,"MX",2014,18978.2940894292,120355128,44.39,"MEX","Latin America & Caribbean","Mexico City","-99.1276","19.427","Upper middle income","IBRD"
"Moldova",87,13,0.149425287356322,"MD",2014,10314.4096500359,2856950,67,"MDA","Europe & Central Asia","Chisinau","28.8497","47.0167","Lower middle income","Blend"
"Mongolia",78,22,0.282051282051282,"MN",2014,10980.3351999295,2940108,19.9424,"MNG","East Asia & Pacific","Ulaanbaatar","106.937","47.9129","Lower middle income","Blend"
"Montenegro",70,30,0.428571428571429,"ME",2014,17625.0384653766,621810,61,"MNE","Europe & Central Asia","Podgorica","19.2595","42.4602","Upper middle income","IBRD"
"Morocco",70,30,0.428571428571429,"MA",2014,6915.10292245736,34192347,56.8,"MAR","Middle East & North Africa","Rabat","-6.8704","33.9905","Lower middle income","IBRD"
"Mozambique",64,36,0.5625,"MZ",2014,1217.09021012877,26286163,9.23631,"MOZ","Sub-Saharan Africa","Maputo","32.5713","-25.9664","Low income","IDA"
"Namibia",64,36,0.5625,"NA",2014,10216.3521692592,2273430,14.84,"NAM","Sub-Saharan Africa","Windhoek","17.0931","-22.5648","Upper middle income","IBRD"
"Nauru",66,34,0.515151515151515,"NR",2014,11446.2610367345,11853,54,"NRU","East Asia & Pacific","Yaren District","166.920867","-0.5477","Upper middle income","IBRD"
"Nepal",66,34,0.515151515151515,"NP",2014,2829.23339391927,26906926,15.44,"NPL","South Asia","Kathmandu","85.3157","27.6939","Low income","IDA"
"Netherlands",53,47,0.886792452830189,"NL",2014,52432.6192192977,16865008,91.6667,"NLD","Europe & Central Asia","Amsterdam","4.89095","52.3738","High income","Not classified"
"New Zealand",58,42,0.724137931034483,"NZ",2014,39798.6152152782,4509700,85.5,"NZL","East Asia & Pacific","Wellington","174.776","-41.2865","High income","Not classified"
"Nicaragua",72,28,0.388888888888889,"NI",2014,5443.34174009736,6142733,17.6,"NIC","Latin America & Caribbean","Managua","-86.2734","12.1475","Lower middle income","IDA"
"Niger",64,36,0.5625,"NE",2014,1127.61554057007,19240157,1.24868,"NER","Sub-Saharan Africa","Niamey","2.1073","13.514","Low income","IDA"
"Nigeria",60,40,0.666666666666667,"NG",2014,5516.38650439616,176404902,21,"NGA","Sub-Saharan Africa","Abuja","7.48906","9.05804","Lower middle income","Blend"
"Norway",62,38,0.612903225806452,"NO",2014,61308.7637295258,5137232,96.3,"NOR","Europe & Central Asia","Oslo","10.7387","59.9138","High income","Not classified"
"Oman",66,34,0.515151515151515,"OM",2014,30535.8331962168,4027260,70.22,"OMN","Middle East & North Africa","Muscat","58.5874","23.6105","High income","Not classified"
"Pakistan",84,16,0.19047619047619,"PK",2014,4171.25310883145,195306825,12,"PAK","South Asia","Islamabad","72.8","30.5167","Lower middle income","Blend"
"Panama",62,38,0.612903225806452,"PA",2014,27357.6230717227,3901315,44.92,"PAN","Latin America & Caribbean","Panama City","-79.5188","8.99427","High income","IBRD"
"Papua New Guinea",59,41,0.694915254237288,"PG",2014,3912.38119545609,7946731,6.5,"PNG","East Asia & Pacific","Port Moresby","147.194","-9.47357","Lower middle income","Blend"
"Paraguay",65,35,0.538461538461538,"PY",2014,11612.3899106317,6599526,43,"PRY","Latin America & Caribbean","Asuncion","-57.6362","-25.3005","Upper middle income","IBRD"
"Peru",73,27,0.36986301369863,"PE",2014,11877.084063348,30090359,40.2,"PER","Latin America & Caribbean","Lima","-77.0465","-12.0931","Upper middle income","IBRD"
"Philippines",77,23,0.298701298701299,"PH",2014,6973.63883989613,100513138,49.6,"PHL","East Asia & Pacific","Manila","121.035","14.5515","Lower middle income","IBRD"
"Poland",72,28,0.388888888888889,"PL",2014,26734.2954427444,38011735,66.6,"POL","Europe & Central Asia","Warsaw","21.02","52.26","High income","IBRD"
"Portugal",66,34,0.515151515151515,"PT",2014,30482.7244256854,10401062,64.59,"PRT","Europe & Central Asia","Lisbon","-9.13552","38.7072","High income","Not classified"
"Puerto Rico",63,37,0.587301587301587,"PR",2014,34070.2535892048,3534874,69,"PRI","Latin America & Caribbean","San Juan","-66","18.23","High income","Not classified"
"Qatar",67,33,0.492537313432836,"QA",2014,95578.416973364,2459198,91.49,"QAT","Middle East & North Africa","Doha","51.5082","25.2948","High income","Not classified"
"Romania",78,22,0.282051282051282,"RO",2014,23125.0045251843,19908979,54.08,"ROU","Europe & Central Asia","Bucharest","26.0979","44.4479","Upper middle income","IBRD"
"Rwanda",69,31,0.449275362318841,"RW",2014,1780.14401250066,11083635,10.6,"RWA","Sub-Saharan Africa","Kigali","30.0587","-1.95325","Low income","IDA"
"Samoa",74,26,0.351351351351351,"WS",2014,5789.95910634134,192221,21.2,"WSM","East Asia & Pacific","Apia","-171.752","-13.8314","Upper middle income","IDA"
"San Marino",51,49,0.96078431372549,"SM",2014,56963.4084280999,32948,49.6,"SMR","Europe & Central Asia","San Marino","12.4486","43.9322","High income","Not classified"
"Saudi Arabia",62,38,0.612903225806452,"SA",2014,48208.5276433419,30916994,64.7137,"SAU","Middle East & North Africa","Riyadh","46.6977","24.6748","High income","Not classified"
"Senegal",71,29,0.408450704225352,"SN",2014,2868.31769823851,14174731,17.7,"SEN","Sub-Saharan Africa","Dakar","-17.4734","14.7247","Low income","IDA"
"Serbia",72,28,0.388888888888889,"RS",2014,15176.1745450821,7130576,62.0751,"SRB","Europe & Central Asia","Belgrade","20.4656","44.8024","Upper middle income","IBRD"
"Seychelles",66,34,0.515151515151515,"SC",2014,24954.6317820245,91359,51.2547,"SYC","Sub-Saharan Africa","Victoria","55.4466","-4.6309","High income","IBRD"
"Sierra Leone",60,40,0.666666666666667,"SL",2014,1997.51185319166,7017144,6.0573,"SLE","Sub-Saharan Africa","Freetown","-13.2134","8.4821","Low income","IDA"
"Singapore",62,38,0.612903225806452,"SG",2014,87808.6631574958,5469724,79.0292,"SGP","East Asia & Pacific","Singapore","103.85","1.28941","High income","Not classified"
"Slovenia",68,32,0.470588235294118,"SI",2014,33247.5861786748,2061980,71.59,"SVN","Europe & Central Asia","Ljubljana","14.5044","46.0546","High income","Not classified"
"Solomon Islands",65,35,0.538461538461538,"SB",2014,2553.38611319477,587079,9,"SLB","East Asia & Pacific","Honiara","159.949","-9.42676","Lower middle income","IDA"
"South Africa",56,44,0.785714285714286,"ZA",2014,12884.0577608171,54545991,49,"ZAF","Sub-Saharan Africa","Pretoria","28.1871","-25.746","Upper middle income","IBRD"
"Spain",64,36,0.5625,"ES",2014,36010.6909017848,46480882,76.19,"ESP","Europe & Central Asia","Madrid","-3.70327","40.4167","High income","Not classified"
"Sri Lanka",78,22,0.282051282051282,"LK",2014,11428.1075684988,20778000,25.8,"LKA","South Asia","Colombo","79.8528","6.92148","Lower middle income","IBRD"
"St. Lucia",72,28,0.388888888888889,"LC",2014,14289.7038576736,178296,39.7,"LCA","Latin America & Caribbean","Castries","-60.9832","14","Upper middle income","Blend"
"Sudan",68,32,0.470588235294118,"SD",2014,4093.14257664224,37977655,24.64,"SDN","Sub-Saharan Africa","Khartoum","32.5363","15.5932","Lower middle income","IDA"
"Suriname",71,29,0.408450704225352,"SR",2014,18187.183961021,553278,40.08,"SUR","Latin America & Caribbean","Paramaribo","-55.1679","5.8232","Upper middle income","IBRD"
"Sweden",62,38,0.612903225806452,"SE",2014,50009.1061765892,9696110,92.52,"SWE","Europe & Central Asia","Stockholm","18.0645","59.3327","High income","Not classified"
"Switzerland",52,48,0.923076923076923,"CH",2014,66038.6841121256,8188649,87.4,"CHE","Europe & Central Asia","Bern","7.44821","46.948","High income","Not classified"
"Tajikistan",78,22,0.282051282051282,"TJ",2014,2726.62189851317,8252833,17.49,"TJK","Europe & Central Asia","Dushanbe","68.7864","38.5878","Low income","IDA"
"Tanzania",87,13,0.149425287356322,"TZ",2014,2284.99562768829,49959822,7,"TZA","Sub-Saharan Africa","Dodoma","35.7382","-6.17486","Low income","IDA"
"Thailand",73,27,0.36986301369863,"TH",2014,15869.8811181716,68438730,34.89,"THA","East Asia & Pacific","Bangkok","100.521","13.7308","Upper middle income","IBRD"
"Timor-Leste",67,33,0.492537313432836,"TL",2014,3264.56807036231,1174331,17.5,"TLS","East Asia & Pacific","Dili","125.567","-8.56667","Lower middle income","Blend"
"Togo",55,45,0.818181818181818,"TG",2014,1404.13293846139,7137997,5.7,"TGO","Sub-Saharan Africa","Lome","1.2255","6.1228","Low income","IDA"
"Tonga",71,29,0.408450704225352,"TO",2014,5865.73416683651,101028,35.9544,"TON","East Asia & Pacific","Nuku'alofa","-175.216","-21.136","Upper middle income","IDA"
"Tunisia",74,26,0.351351351351351,"TN",2014,10505.262583987,11063201,46.16,"TUN","Middle East & North Africa","Tunis","10.21","36.7899","Lower middle income","IBRD"
"Turkey",68,32,0.470588235294118,"TR",2014,25079.0464748927,77231907,51.04,"TUR","Europe & Central Asia","Ankara","32.3606","39.7153","Upper middle income","IBRD"
"Turkmenistan",58,42,0.724137931034483,"TM",2014,12421.3606815349,5466328,12.2,"TKM","Europe & Central Asia","Ashgabat","58.3794","37.9509","Upper middle income","IBRD"
"Tuvalu",62,38,0.612903225806452,"TV",2014,3450.7931694554,10972,39.2,"TUV","East Asia & Pacific","Funafuti","179.089567","-8.6314877","Upper middle income","IDA"
"Uganda",72,28,0.388888888888889,"UG",2014,2022.26096189503,36912148,16.9,"UGA","Sub-Saharan Africa","Kampala","32.5729","0.314269","Low income","IDA"
"Ukraine",79,21,0.265822784810127,"UA",2014,12408.95159807,45272156,46.236,"UKR","Europe & Central Asia","Kiev","30.5038","50.4536","Lower middle income","IBRD"
"United Arab Emirates",67,33,0.492537313432836,"AE",2014,62378.6574391489,9214175,90.4,"ARE","Middle East & North Africa","Abu Dhabi","54.3705","24.4764","High income","Not classified"
"United Kingdom",54,46,0.851851851851852,"GB",2014,44166.1796070499,64602298,91.61,"GBR","Europe & Central Asia","London","-0.126236","51.5002","High income","Not classified"
"United States",58,42,0.724137931034483,"US",2014,57273.1290736439,318301008,73,"USA","North America","Washington D.C.","-77.032","38.8895","High income","Not classified"
"Uruguay",61,39,0.639344262295082,"UY",2014,20582.1689530456,3400434,61.46,"URY","Latin America & Caribbean","Montevideo","-56.0675","-34.8941","High income","IBRD"
"Uzbekistan",71,29,0.408450704225352,"UZ",2014,5764.49270515263,30757700,35.5,"UZB","Europe & Central Asia","Tashkent","69.269","41.3052","Lower middle income","Blend"
"Vanuatu",60,40,0.666666666666667,"VU",2014,3116.07702475529,263888,18.8,"VUT","East Asia & Pacific","Port-Vila","168.321","-17.7404","Lower middle income","IDA"
"Vietnam",78,22,0.282051282051282,"VN",2014,6098.48960939862,91714595,41,"VNM","East Asia & Pacific","Hanoi","105.825","21.0069","Lower middle income","IBRD"
"Zambia",64,36,0.5625,"ZM",2014,3450.0465614299,15399753,19,"ZMB","Sub-Saharan Africa","Lusaka","28.2937","-15.3982","Lower middle income","IDA"
"Zimbabwe",72,28,0.388888888888889,"ZW",2014,2955.24028731034,13586681,16.3647,"ZWE","Sub-Saharan Africa","Harare","31.0672","-17.8312","Low income","Blend"
